model,runtime
abe_bi_M1,206.85397124290463
abe_bi_M2,208.458181142807
full_bi_M1,210.56366801261902
full_bi_M2,209.67135000228882
