model,runtime
Abe_bi_M1,103.2594919204712
Abe_bi_M2,103.72491312026978
Abe_tri_M1,109.54101395606996
Abe_tri_M2,111.0174651145935
full_tri_M1,932.994862794876
full_tri_M2,945.3793230056764
full_bi_M1,916.0182709693908
full_bi_M2,932.469752073288
filtered_bi_M1,100.9776999950409
filtered_bi_M2,102.16353821754456
