model,runtime
Abe_bi_M1,103.2594919204712
Abe_bi_M2,103.72491312026978
Abe_tri_M1,109.54101395606996
Abe_tri_M2,111.0174651145935
full_bi_M1,926.414218902588
full_bi_M2,1075.7722430229187
full_tri_M1,932.9948627948761
full_tri_M2,945.3793230056763
